10101,1,401,7858205918,Nikki,Bocock,nbocock0@cbc.ca,9079508026,97018 Sloan Parkway
10201,2,301,9584016159,Caterina,Mattecot,cmattecot1@infoseek.co.jp,8302272095,7735 Blue Bill Park Lane
10202,2,302,1929781488,Ebony,Bleasdale,ebleasdale2@unesco.org,6985568638,041 Summer Ridge Center
10203,2,303,2836251157,Dacia,Cuseick,dcuseick3@reference.com,6869220292,60207 Forster Alley
10301,3,201,4855522866,Sabine,Bail,sbail4@huffingtonpost.com,5814785253,85659 Old Shore Court
10302,3,202,8872456657,Teodoor,Andrini,tandrini5@mediafire.com,7822730921,632 Crest Line Parkway
10303,3,203,3233210652,Tatiana,Lezemore,tlezemore6@biglobe.ne.jp,7716138629,421 Welch Alley
10304,3,204,1916250086,Katinka,McMackin,kmcmackin7@issuu.com,2757732870,12 Gina Court
10401,4,101,6987664536,Kati,Tancock,ktancock8@bizjournals.com,4107800754,49 Schmedeman Trail
10402,4,102,7783223241,Indira,Jankowski,ijankowski9@wiley.com,2045911506,09070 Westport Crossing
10501,5,103,8868275277,Sophia,Roon,sroona@github.com,8365041721,85 Forest Run Center
10601,6,104,8222574657,Joline,Ayrs,jayrsb@hc360.com,6057089206,46 Messerschmidt Lane
10701,7,105,3513119435,Huntington,Crissil,hcrissilc@macromedia.com,5649917087,55998 Prairieview Pass
10702,7,105,1884107579,Mason,Ridde,mridded@skyrock.com,2133933392,34 Londonderry Lane
